Text Types;Time;No. Clusters;No. Base Clusters;Precision;Recall;F-Measure;Ground Truth 0;Ground Truth 1;Ground Truth 2;Ground Truth 3;Ground Truth 4;Ground Truth 5;Ground Truth Rep 0;Ground Truth Rep 1;Ground Truth Rep 2;Ground Truth Rep 3;Ground Truth Rep 4;Ground Truth Rep 5;fMeasure 0;fMeasure 1;fMeasure 2;fMeasure 3;fMeasure 4;fMeasure 5
All;2.467827081680298;178;500;0.29479166666666645;0.23124999999999968;0.22093363381880804;0.2808988764044944;0.033707865168539325;0.0056179775280898875;0.06741573033707865;0.06741573033707865;0.5449438202247191;0.07473841554559044;0.01195814648729447;0.004484304932735426;0.028400597907324365;0.02092675635276532;0.85949177877429;0.11806375442739078;0.017653549098933432;0.004987531172069826;0.039964943032427695;0.03193916349809886;0.6669935363512972
Frontpage;0.4677269458770752;211;500;0.3614583333333329;0.1729166666666664;0.20205255879597953;0.4786729857819905;0.004739336492890996;0.004739336492890996;0.009478672985781991;0.004739336492890996;0.4976303317535545;0.15097159940209268;0.0014947683109118087;0.0;0.0014947683109118087;0.0;0.8460388639760837;0.22954545454545458;0.0022727272727272726;0.0;0.0025823111684958036;0.0;0.6266640656716103
Article sans bread text;1.3175299167633057;154;500;0.28656249999999966;0.18645833333333311;0.1910177635545281;0.2532467532467532;0.025974025974025976;0.01948051948051948;0.05194805194805195;0.045454545454545456;0.6038961038961039;0.05829596412556054;0.005979073243647235;0.007473841554559043;0.01195814648729447;0.01046337817638266;0.905829596412556;0.09477521263669501;0.009720534629404618;0.010803024846957148;0.019441069258809236;0.01701093560145808;0.7246706656122822
Article with bread text;2.395308017730713;177;500;0.29227430555555534;0.22291666666666637;0.2156716388693131;0.2824858757062147;0.03389830508474576;0.005649717514124294;0.05649717514124294;0.06779661016949153;0.5536723163841808;0.07473841554559044;0.01195814648729447;0.004484304932735426;0.025411061285500747;0.01943198804185351;0.8639760837070254;0.11820330969267141;0.01767955801104972;0.005;0.03505516032580678;0.03020621550972988;0.674863583291634
Article text;1.181523084640503;83;500;0.1847656249999999;0.08645833333333333;0.09490466617933718;0.39759036144578314;0.0;0.0;0.03614457831325301;0.03614457831325301;0.5301204819277109;0.04932735426008968;0.0;0.0;0.01046337817638266;0.005979073243647235;0.9342301943198804;0.08776595744680851;0.0;0.0;0.01622874806800618;0.010260795211628902;0.6764152451697802
