Similarity Method;Time;No. Clusters;No. Base Clusters;Precision;Recall;F-Measure;Ground Truth 0;Ground Truth 1;Ground Truth 2;Ground Truth 3;Ground Truth 4;Ground Truth 5;Ground Truth Rep 0;Ground Truth Rep 1;Ground Truth Rep 2;Ground Truth Rep 3;Ground Truth Rep 4;Ground Truth Rep 5;fMeasure 0;fMeasure 1;fMeasure 2;fMeasure 3;fMeasure 4;fMeasure 5
Etzioni;1.9132919311523438;189;500;0.30607036708740865;0.27604166666666613;0.2280229545196398;0.31216931216931215;0.037037037037037035;0.015873015873015872;0.031746031746031744;0.042328042328042326;0.5608465608465608;0.08819133034379671;0.008968609865470852;0.007473841554559043;0.004484304932735426;0.02092675635276532;0.8699551569506726;0.1375291375291375;0.014440433212996389;0.01016260162601626;0.007858546168958742;0.028007001750437608;0.6820111435394003
Jaccard;2.0669069290161133;189;500;0.30607036708740865;0.27604166666666613;0.2280229545196398;0.31216931216931215;0.037037037037037035;0.015873015873015872;0.031746031746031744;0.042328042328042326;0.5608465608465608;0.08819133034379671;0.008968609865470852;0.007473841554559043;0.004484304932735426;0.02092675635276532;0.8699551569506726;0.1375291375291375;0.014440433212996389;0.01016260162601626;0.007858546168958742;0.028007001750437608;0.6820111435394003
Cosine;2.051867961883545;215;500;0.30607036708740865;0.27604166666666613;0.2288215656307509;0.31627906976744186;0.037209302325581395;0.013953488372093023;0.03255813953488372;0.037209302325581395;0.5627906976744186;0.08819133034379671;0.008968609865470852;0.007473841554559043;0.004484304932735426;0.02092675635276532;0.8699551569506726;0.1379239218247761;0.014453477868112016;0.009733939000648928;0.007882882882882884;0.026787849796699355;0.6834466393955715
Amendment1C;2.51777982711792;500;500;0.30999397819851965;0.27499999999999947;0.22954670854339385;0.296;0.042;0.008;0.02;0.016;0.618;0.08819133034379671;0.008968609865470852;0.007473841554559043;0.004484304932735426;0.02092675635276532;0.8699551569506726;0.13589392430278885;0.014780925567481965;0.007727975270479134;0.007326007326007326;0.018134715025906738;0.7226458196459462
