Drop?;Time;No. Clusters;No. Base Clusters;Precision;Recall;F-Measure;Precision 0;Ground Truth 1;Ground Truth 2;Ground Truth 3;Ground Truth 4;Ground Truth 5;Ground Truth Rep 0;Ground Truth Rep 1;Ground Truth Rep 2;Ground Truth Rep 3;Ground Truth Rep 4;Ground Truth Rep 5;fMeasure 0;fMeasure 1;fMeasure 2;fMeasure 3;fMeasure 4;fMeasure 5
0;2.5213680267333984;189;500;0.30607036708740865;0.27604166666666613;0.2280229545196398;0.31216931216931215;0.037037037037037035;0.015873015873015872;0.031746031746031744;0.042328042328042326;0.5608465608465608;0.08819133034379671;0.008968609865470852;0.007473841554559043;0.004484304932735426;0.02092675635276532;0.8699551569506726;0.1375291375291375;0.014440433212996389;0.01016260162601626;0.007858546168958742;0.028007001750437608;0.6820111435394003
1;2.4416069984436035;189;500;0.30607036708740865;0.27604166666666613;0.2280229545196398;0.31216931216931215;0.037037037037037035;0.015873015873015872;0.031746031746031744;0.042328042328042326;0.5608465608465608;0.08819133034379671;0.008968609865470852;0.007473841554559043;0.004484304932735426;0.02092675635276532;0.8699551569506726;0.1375291375291375;0.014440433212996389;0.01016260162601626;0.007858546168958742;0.028007001750437608;0.6820111435394003
