Similarity Method;Time;No. Clusters;No. Base Clusters;Precision;Recall;F-Measure;Ground Truth 0;Ground Truth 1;Ground Truth 2;Ground Truth 3;Ground Truth 4;Ground Truth 5;Ground Truth Rep 0;Ground Truth Rep 1;Ground Truth Rep 2;Ground Truth Rep 3;Ground Truth Rep 4;Ground Truth Rep 5;fMeasure 0;fMeasure 1;fMeasure 2;fMeasure 3;fMeasure 4;fMeasure 5
Jaccard;1.3074750900268555;149;500;0.25929754273504263;0.18437499999999973;0.18307333503179493;0.24161073825503357;0.03355704697986577;0.013422818791946308;0.06711409395973154;0.04697986577181208;0.5973154362416108;0.053811659192825115;0.005979073243647235;0.005979073243647235;0.014947683109118086;0.01195814648729447;0.9073243647234679;0.08801955990220049;0.010149708195889368;0.008273009307135471;0.024449877750611252;0.019063829787234043;0.7203835075741413
Cosine;1.3538100719451904;184;500;0.25929754273504263;0.18333333333333307;0.18223740217380327;0.2608695652173913;0.02717391304347826;0.010869565217391304;0.059782608695652176;0.03804347826086957;0.6032608695652174;0.053811659192825115;0.005979073243647235;0.005979073243647235;0.014947683109118086;0.01195814648729447;0.9073243647234679;0.0892193308550186;0.0098015192354815;0.007714561234329797;0.02391564300467442;0.0181965881397238;0.7246903687609911
Amendment1C;1.353748083114624;500;500;0.25964476495726485;0.18333333333333307;0.1830475873589885;0.274;0.036;0.004;0.028;0.014;0.644;0.053811659192825115;0.005979073243647235;0.005979073243647235;0.014947683109118086;0.01195814648729447;0.9073243647234679;0.08995649913819048;0.01025494943740208;0.004793289394847214;0.019490463594598356;0.012898767707013706;0.7533136256595454
