Sort descending?;Time;No. Clusters;No. Base Clusters;Precision;Recall;F-Measure;Precision 0;Precision 1;Precision 2;Precision 3;Precision 4;Precision 5;Recall 0;Recall 1;Recall 2;Recall 3;Recall 4;Recall 5;F-Measure 0;F-Measure 1;F-Measure 2;F-Measure 3;F-Measure 4;F-Measure 5
0;2.2144830226898193;350;500;0.4495023240180425;0.4760416666666655;0.32143273298295755;0.44571428571428573;0.005714285714285714;0.017142857142857144;0.04285714285714286;0.06571428571428571;0.4228571428571429;0.23318385650224216;0.0029895366218236174;0.004484304932735426;0.01195814648729447;0.02242152466367713;0.7249626307922272;0.30618253189401373;0.003925417075564278;0.007109004739336493;0.018698870276587454;0.03343509230992877;0.5341528936382376
1;2.14030385017395;189;500;0.3060703670874088;0.2760416666666662;0.22802295451963975;0.31216931216931215;0.037037037037037035;0.015873015873015872;0.031746031746031744;0.042328042328042326;0.5608465608465608;0.08819133034379671;0.008968609865470852;0.007473841554559043;0.004484304932735426;0.02092675635276532;0.8699551569506726;0.1375291375291375;0.014440433212996389;0.01016260162601626;0.007858546168958742;0.028007001750437608;0.6820111435394003
