Similarity Method;Time;No. Clusters;No. Base Clusters;Precision;Recall;F-Measure;Ground Truth 0;Ground Truth 1;Ground Truth 2;Ground Truth 3;Ground Truth 4;Ground Truth 5;Ground Truth Rep 0;Ground Truth Rep 1;Ground Truth Rep 2;Ground Truth Rep 3;Ground Truth Rep 4;Ground Truth Rep 5;fMeasure 0;fMeasure 1;fMeasure 2;fMeasure 3;fMeasure 4;fMeasure 5
Jaccard;1.3019640445709229;149;500;0.25929754273504263;0.18437499999999984;0.18307333503179504;0.24161073825503357;0.03355704697986577;0.013422818791946308;0.06711409395973154;0.04697986577181208;0.5973154362416108;0.053811659192825115;0.005979073243647235;0.005979073243647235;0.014947683109118086;0.01195814648729447;0.9073243647234679;0.08801955990220049;0.010149708195889368;0.008273009307135471;0.024449877750611252;0.019063829787234043;0.7203835075741413
Cosine;1.3483848571777344;185;500;0.25929754273504263;0.18333333333333318;0.18223740217380335;0.2594594594594595;0.02702702702702703;0.010810810810810811;0.05945945945945946;0.03783783783783784;0.6054054054054054;0.053811659192825115;0.005979073243647235;0.005979073243647235;0.014947683109118086;0.01195814648729447;0.9073243647234679;0.08913649025069639;0.009791921664626684;0.0076997112608277185;0.023889673145835594;0.018172967710530587;0.726235558665335
Amendment1C;1.3299639225006104;500;500;0.25964476495726485;0.18333333333333318;0.18304758735898854;0.274;0.036;0.004;0.028;0.014;0.644;0.053811659192825115;0.005979073243647235;0.005979073243647235;0.014947683109118086;0.01195814648729447;0.9073243647234679;0.08995649913819048;0.01025494943740208;0.004793289394847214;0.019490463594598356;0.012898767707013706;0.7533136256595454
