Similarity Method;Time;No. Clusters;No. Base Clusters;Precision;Recall;F-Measure;Ground Truth 0;Ground Truth 1;Ground Truth 2;Ground Truth 3;Ground Truth 4;Ground Truth 5;Ground Truth Rep 0;Ground Truth Rep 1;Ground Truth Rep 2;Ground Truth Rep 3;Ground Truth Rep 4;Ground Truth Rep 5;fMeasure 0;fMeasure 1;fMeasure 2;fMeasure 3;fMeasure 4;fMeasure 5
Jaccard;1.9493281841278076;600;1100;0.6893912410394298;0.5093749999999991;0.5113939304482061;0.46;0.008333333333333333;0.013333333333333334;0.04;0.06;0.41833333333333333;0.4125560538116592;0.0029895366218236174;0.01195814648729447;0.017937219730941704;0.02242152466367713;0.5321375186846039;0.43498817966903075;0.0044004400440044;0.01260835303388495;0.024767801857585137;0.03264417845484222;0.4684222804106742
Cosine;1.9748950004577637;816;1100;0.6902598474499123;0.5093749999999991;0.5140128423009891;0.49387254901960786;0.007352941176470588;0.00980392156862745;0.031862745098039214;0.04656862745098039;0.4105392156862745;0.414050822122571;0.0029895366218236174;0.01195814648729447;0.02092675635276532;0.02242152466367713;0.5276532137518685;0.4504528497555681;0.004250797024442083;0.010774410774410773;0.025261989034631133;0.030269236896606662;0.46178657966311504
Amendment1C;2.214967966079712;1015;1100;0.6913304924242458;0.49999999999999867;0.5145311499824846;0.5073891625615764;0.007881773399014778;0.007881773399014778;0.026600985221674877;0.0374384236453202;0.412807881773399;0.4155455904334828;0.0029895366218236174;0.01195814648729447;0.02092675635276532;0.02092675635276532;0.5276532137518685;0.45689758339250525;0.004334868599295584;0.009501187648456057;0.02342515415362687;0.026846992329430764;0.46321832240849603
