Similarity Method;Time;No. Clusters;No. Base Clusters;Precision;Recall;F-Measure;Ground Truth 0;Ground Truth 1;Ground Truth 2;Ground Truth 3;Ground Truth 4;Ground Truth 5;Ground Truth Rep 0;Ground Truth Rep 1;Ground Truth Rep 2;Ground Truth Rep 3;Ground Truth Rep 4;Ground Truth Rep 5;fMeasure 0;fMeasure 1;fMeasure 2;fMeasure 3;fMeasure 4;fMeasure 5
Etzioni;19.450011014938354;1184;5000;0.9528831845238216;0.8031250000000107;0.7882392753091665;0.43074324324324326;0.015202702702702704;0.015202702702702704;0.04054054054054054;0.07010135135135136;0.4282094594594595;0.7623318385650224;0.007473841554559043;0.01195814648729447;0.007473841554559043;0.016442451420029897;0.19431988041853512;0.5504587155963303;0.010021155773299187;0.013386631960583808;0.012620950778291964;0.026637102303394555;0.2673275157522871
Jaccard;24.950567960739136;1185;5000;0.9528831845238216;0.7927083333333439;0.7878920530869442;0.43037974683544306;0.016033755274261603;0.015189873417721518;0.04135021097046414;0.070042194092827;0.4270042194092827;0.7623318385650224;0.008968609865470852;0.01195814648729447;0.007473841554559043;0.016442451420029897;0.19282511210762332;0.5501618122977346;0.011502951415165734;0.013381655979927517;0.012659535989252312;0.026632828680610253;0.26567679937482064
Cosine;25.970802068710327;2603;5000;0.9527529761904883;0.7875000000000106;0.7977588298287215;0.52362658470995;0.009220130618517095;0.0072992700729927005;0.01920860545524395;0.031886285055704955;0.40875912408759124;0.772795216741405;0.008968609865470852;0.01195814648729447;0.01046337817638266;0.007473841554559043;0.18834080717488788;0.6242661448140899;0.009092631180147755;0.009065155807365438;0.013547250875733004;0.012109363601879138;0.2578664620107444
Amendment1C;24.665606021881104;4332;5000;0.954513888888901;0.7864583333333437;0.8027218298271027;0.5399353647276085;0.009233610341643583;0.00530932594644506;0.013388734995383195;0.02077562326869806;0.4113573407202216;0.7862481315396114;0.007473841554559043;0.008968609865470852;0.01046337817638266;0.007473841554559043;0.17937219730941703;0.6402178474760649;0.008261049153242463;0.00667005002537519;0.011746665509359721;0.010993037742762916;0.24981337595020553
