Sort descending?;Time;No. Clusters;No. Base Clusters;Precision;Recall;F-Measure;Ground Truth 0;Ground Truth 1;Ground Truth 2;Ground Truth 3;Ground Truth 4;Ground Truth 5;Ground Truth Rep 0;Ground Truth Rep 1;Ground Truth Rep 2;Ground Truth Rep 3;Ground Truth Rep 4;Ground Truth Rep 5;fMeasure 0;fMeasure 1;fMeasure 2;fMeasure 3;fMeasure 4;fMeasure 5
0;2.0837061405181885;600;1100;0.6893912410394298;0.5093749999999991;0.5113939304482061;0.46;0.008333333333333333;0.013333333333333334;0.04;0.06;0.41833333333333333;0.4125560538116592;0.0029895366218236174;0.01195814648729447;0.017937219730941704;0.02242152466367713;0.5321375186846039;0.43498817966903075;0.0044004400440044;0.01260835303388495;0.024767801857585137;0.03264417845484222;0.4684222804106742
1;1.8243308067321777;342;1100;0.45989583333333256;0.2781249999999995;0.3070580186819539;0.41228070175438597;0.017543859649122806;0.008771929824561403;0.02046783625730994;0.02046783625730994;0.52046783625731;0.21076233183856502;0.0029895366218236174;0.0014947683109118087;0.0029895366218236174;0.0;0.7817638266068759;0.2789317507418398;0.005108556832694764;0.002554278416347382;0.005217067262902926;0.0;0.624900989434398
