Sort descending?;Time;No. Clusters;No. Base Clusters;Precision;Recall;F-Measure;Ground Truth 0;Ground Truth 1;Ground Truth 2;Ground Truth 3;Ground Truth 4;Ground Truth 5;Ground Truth Rep 0;Ground Truth Rep 1;Ground Truth Rep 2;Ground Truth Rep 3;Ground Truth Rep 4;Ground Truth Rep 5;fMeasure 0;fMeasure 1;fMeasure 2;fMeasure 3;fMeasure 4;fMeasure 5
0;1.3069689273834229;347;500;0.46499876152077424;0.45104166666666545;0.3209876799187365;0.4438040345821326;0.002881844380403458;0.008645533141210375;0.040345821325648415;0.07204610951008646;0.4322766570605187;0.23019431988041852;0.0;0.004484304932735426;0.02092675635276532;0.03288490284005979;0.7115097159940209;0.3031496062992126;0.0;0.005905511811023622;0.027559055118110236;0.04515784720226611;0.5378085431715639
1;1.4606781005859375;149;500;0.25929754273504263;0.18437499999999984;0.18307333503179504;0.24161073825503357;0.03355704697986577;0.013422818791946308;0.06711409395973154;0.04697986577181208;0.5973154362416108;0.053811659192825115;0.005979073243647235;0.005979073243647235;0.014947683109118086;0.01195814648729447;0.9073243647234679;0.08801955990220049;0.010149708195889368;0.008273009307135471;0.024449877750611252;0.019063829787234043;0.7203835075741413
