Text Types;Time;No. Clusters;No. Base Clusters;Precision;Recall;F-Measure;Ground Truth 0;Ground Truth 1;Ground Truth 2;Ground Truth 3;Ground Truth 4;Ground Truth 5;Ground Truth Rep 0;Ground Truth Rep 1;Ground Truth Rep 2;Ground Truth Rep 3;Ground Truth Rep 4;Ground Truth Rep 5;fMeasure 0;fMeasure 1;fMeasure 2;fMeasure 3;fMeasure 4;fMeasure 5
All;3.139904022216797;555;1100;0.5685091516670471;0.4645833333333322;0.41335893119538647;0.3675675675675676;0.014414414414414415;0.018018018018018018;0.05405405405405406;0.11351351351351352;0.43243243243243246;0.30493273542600896;0.004484304932735426;0.0029895366218236174;0.029895366218236172;0.028400597907324365;0.6292974588938715;0.3333333333333333;0.006840530141085935;0.005128205128205128;0.03849855630413859;0.04543384194944204;0.5126136752787185
Frontpage;1.201658010482788;576;1100;0.7041192184483097;0.5249999999999997;0.5049460641519179;0.5017361111111112;0.005208333333333333;0.008680555555555556;0.019097222222222224;0.029513888888888888;0.4357638888888889;0.4319880418535127;0.0;0.005979073243647235;0.0014947683109118087;0.01046337817638266;0.5500747384155455;0.46425702811244984;0.0;0.007080899274207824;0.002772526780088217;0.015449529373580006;0.486291976298215
Article sans bread text;2.1824111938476562;600;1100;0.6893912410394298;0.5093749999999991;0.5113939304482061;0.46;0.008333333333333333;0.013333333333333334;0.04;0.06;0.41833333333333333;0.4125560538116592;0.0029895366218236174;0.01195814648729447;0.017937219730941704;0.02242152466367713;0.5321375186846039;0.43498817966903075;0.0044004400440044;0.01260835303388495;0.024767801857585137;0.03264417845484222;0.4684222804106742
Article with bread text;3.6792759895324707;543;1100;0.5357389094669028;0.4208333333333323;0.3956389917339936;0.35911602209944754;0.014732965009208104;0.01841620626151013;0.0570902394106814;0.1252302025782689;0.425414364640884;0.2914798206278027;0.004484304932735426;0.004484304932735426;0.03587443946188341;0.029895366218236172;0.6337817638266069;0.3217821782178218;0.006875805758487323;0.0072124053371799505;0.04406147286133073;0.04826802952867688;0.5091028170002417
Article text;2.113906145095825;286;1100;0.2769609603899028;0.16770833333333315;0.17295368826732854;0.3146853146853147;0.013986013986013986;0.024475524475524476;0.06293706293706294;0.16783216783216784;0.4160839160839161;0.13452914798206278;0.0;0.0;0.0;0.005979073243647235;0.85949177877429;0.18848167539267013;0.0;0.0;0.0;0.011546788549434688;0.5607204756188002
