Drop?;Time;No. Clusters;No. Base Clusters;Precision;Recall;F-Measure;Ground Truth 0;Ground Truth 1;Ground Truth 2;Ground Truth 3;Ground Truth 4;Ground Truth 5;Ground Truth Rep 0;Ground Truth Rep 1;Ground Truth Rep 2;Ground Truth Rep 3;Ground Truth Rep 4;Ground Truth Rep 5;fMeasure 0;fMeasure 1;fMeasure 2;fMeasure 3;fMeasure 4;fMeasure 5
0;27.963376998901367;4995;5000;0.9577285052910174;0.8593750000000117;0.823364060681362;0.47187187187187185;0.01061061061061061;0.008608608608608608;0.022022022022022022;0.04284284284284284;0.444044044044044;0.7877428998505231;0.01195814648729447;0.008968609865470852;0.01195814648729447;0.01195814648729447;0.16741405082212257;0.5902022190450532;0.01124414919713062;0.008784922621175749;0.015499779832672833;0.01869750881906447;0.24315390631347022
1;26.383739948272705;4332;5000;0.954513888888901;0.7864583333333437;0.8027218298271027;0.5399353647276085;0.009233610341643583;0.00530932594644506;0.013388734995383195;0.02077562326869806;0.4113573407202216;0.7862481315396114;0.007473841554559043;0.008968609865470852;0.01046337817638266;0.007473841554559043;0.17937219730941703;0.6402178474760649;0.008261049153242463;0.00667005002537519;0.011746665509359721;0.010993037742762916;0.24981337595020553
