Drop?;Time;No. Clusters;No. Base Clusters;Precision;Recall;F-Measure;Ground Truth 0;Ground Truth 1;Ground Truth 2;Ground Truth 3;Ground Truth 4;Ground Truth 5;Ground Truth Rep 0;Ground Truth Rep 1;Ground Truth Rep 2;Ground Truth Rep 3;Ground Truth Rep 4;Ground Truth Rep 5;fMeasure 0;fMeasure 1;fMeasure 2;fMeasure 3;fMeasure 4;fMeasure 5
0;28.15695595741272;4332;5000;0.954513888888901;0.7864583333333437;0.8027218298271027;0.5399353647276085;0.009233610341643583;0.00530932594644506;0.013388734995383195;0.02077562326869806;0.4113573407202216;0.7862481315396114;0.007473841554559043;0.008968609865470852;0.01046337817638266;0.007473841554559043;0.17937219730941703;0.6402178474760649;0.008261049153242463;0.00667005002537519;0.011746665509359721;0.010993037742762916;0.24981337595020553
1;2.549647092819214;549;1189;0.43986941588504275;0.5156249999999993;0.40402882110651017;0.17486338797814208;0.07285974499089254;0.04189435336976321;0.10564663023679417;0.16393442622950818;0.4408014571948998;0.053811659192825115;0.05082212257100149;0.04185351270553064;0.11659192825112108;0.12406576980568013;0.6128550074738416;0.08229747106729533;0.059877603134768635;0.04187392307942391;0.11084975007350781;0.14124053433165998;0.5127807580596815
