Drop?;Time;No. Clusters;No. Base Clusters;Precision;Recall;F-Measure;Ground Truth 0;Ground Truth 1;Ground Truth 2;Ground Truth 3;Ground Truth 4;Ground Truth 5;Ground Truth Rep 0;Ground Truth Rep 1;Ground Truth Rep 2;Ground Truth Rep 3;Ground Truth Rep 4;Ground Truth Rep 5;fMeasure 0;fMeasure 1;fMeasure 2;fMeasure 3;fMeasure 4;fMeasure 5
0;1.9125080108642578;600;1100;0.6893912410394298;0.5093749999999991;0.5113939304482061;0.46;0.008333333333333333;0.013333333333333334;0.04;0.06;0.41833333333333333;0.4125560538116592;0.0029895366218236174;0.01195814648729447;0.017937219730941704;0.02242152466367713;0.5321375186846039;0.43498817966903075;0.0044004400440044;0.01260835303388495;0.024767801857585137;0.03264417845484222;0.4684222804106742
1;1.9697668552398682;600;1100;0.6893912410394298;0.5093749999999991;0.5113939304482061;0.46;0.008333333333333333;0.013333333333333334;0.04;0.06;0.41833333333333333;0.4125560538116592;0.0029895366218236174;0.01195814648729447;0.017937219730941704;0.02242152466367713;0.5321375186846039;0.43498817966903075;0.0044004400440044;0.01260835303388495;0.024767801857585137;0.03264417845484222;0.4684222804106742
